City_ID,City,Country,Date,Lat,Lng,Max Temp,Humidity,Cloudiness,Wind Speed
0,Ust-Ilimsk,RU,2020-01-04 20:06:18,57.96,102.73,17.47,93,97,8.63
1,Cockburn Town,TC,2020-01-04 20:05:35,21.46,-71.14,80.6,69,40,11.41
2,Albany,US,2020-01-04 20:05:03,42.65,-73.75,42.8,86,90,6.93
3,Ushuaia,AR,2020-01-04 20:03:55,-54.81,-68.31,57.2,41,40,5.82
4,Gasa,BT,2020-01-04 20:06:19,27.91,89.73,2.66,98,98,7.29
5,Barrow,AR,2020-01-04 20:06:19,-38.31,-60.23,77.27,55,75,18.05
6,Hilo,US,2020-01-04 20:05:13,19.71,-155.08,75.2,73,40,3.36
7,Cayenne,GF,2020-01-04 20:06:20,4.94,-52.33,84.2,70,75,9.17
8,Yima,CN,2020-01-04 20:06:20,34.75,111.87,37.58,95,100,14.36
9,Broome,GB,2020-01-04 20:06:20,52.47,1.45,46.0,87,40,6.93
10,Half Moon Bay,US,2020-01-04 20:06:20,37.46,-122.43,61.0,87,75,8.05
11,Tasiilaq,GL,2020-01-04 20:06:20,65.61,-37.64,26.6,86,100,11.41
12,Bethel,US,2020-01-04 20:05:20,60.79,-161.76,-9.4,75,1,5.82
13,Saskylakh,RU,2020-01-04 20:06:21,71.97,114.09,-21.41,95,62,6.04
14,Puerto Ayora,EC,2020-01-04 20:06:21,-0.74,-90.35,86.0,58,20,13.87
15,Dikson,RU,2020-01-04 20:06:21,73.51,80.55,0.25,82,100,22.15
16,Kingman,US,2020-01-04 20:06:21,35.19,-114.05,63.0,41,75,4.7
17,Kapaa,US,2020-01-04 20:06:22,22.08,-159.32,75.2,88,90,19.46
18,Ihlow,DE,2020-01-04 20:06:22,52.62,14.07,39.0,76,20,14.99
19,Hof,DE,2020-01-04 20:06:22,50.32,11.92,39.99,100,75,12.75
20,Ishinomaki,JP,2020-01-04 20:06:22,38.42,141.3,31.8,74,6,11.14
21,Hobart,AU,2020-01-04 20:06:22,-42.88,147.33,54.0,53,75,6.62
22,Zapolyarnyy,RU,2020-01-04 20:06:23,69.43,30.82,19.4,79,100,32.21
23,Ormara,PK,2020-01-04 20:06:23,25.21,64.64,73.24,72,0,8.9
24,Grand Gaube,MU,2020-01-04 20:06:23,-20.01,57.66,79.0,94,40,12.03
25,Geraldton,CA,2020-01-04 20:06:23,49.72,-86.95,15.8,85,90,9.17
26,Jamestown,AU,2020-01-04 20:06:24,-33.21,138.6,55.47,52,99,15.46
27,East London,ZA,2020-01-04 20:05:14,-33.02,27.91,76.12,93,48,11.74
28,Zhuhai,CN,2020-01-04 20:06:24,40.71,112.04,17.6,61,67,4.47
29,Avarua,CK,2020-01-04 20:06:24,-21.21,-159.78,78.8,88,1,5.82
30,Salalah,OM,2020-01-04 20:06:24,17.01,54.1,77.0,73,20,10.29
31,Hermanus,ZA,2020-01-04 20:05:18,-34.42,19.24,64.99,87,5,3.0
32,Severo-Kurilsk,RU,2020-01-04 20:03:23,50.68,156.12,14.34,73,100,3.11
33,Trujillo,VE,2020-01-04 20:06:26,9.37,-70.44,81.88,54,19,6.33
34,Rikitea,PF,2020-01-04 20:06:26,-23.12,-134.97,77.2,77,67,16.6
35,Pyaozerskiy,RU,2020-01-04 20:06:26,65.83,31.17,19.51,76,71,20.18
36,Busselton,AU,2020-01-04 20:05:08,-33.64,115.35,57.99,40,0,10.63
37,Ribeira Grande,PT,2020-01-04 20:05:22,38.52,-28.7,64.4,88,40,11.41
38,Goure,NE,2020-01-04 20:06:27,13.98,10.27,64.99,27,15,11.01
39,Filingue,NE,2020-01-04 20:06:27,14.35,3.32,64.4,18,0,11.52
40,Eldorado,BR,2020-01-04 20:06:27,-24.52,-48.11,75.16,96,2,2.42
41,Chulman,RU,2020-01-04 20:06:27,56.84,124.9,3.51,97,100,3.31
42,Qasigiannguit,GL,2020-01-04 20:06:28,68.82,-51.19,12.2,66,40,11.41
43,Te Anau,NZ,2020-01-04 20:06:28,-45.41,167.72,47.88,82,100,8.14
44,Kodiak,US,2020-01-04 20:06:28,39.95,-94.76,43.0,44,1,10.29
45,Klaksvik,FO,2020-01-04 20:06:28,62.23,-6.59,44.6,100,100,13.87
46,Chuy,UY,2020-01-04 20:04:03,-33.69,-53.46,74.25,64,13,12.35
47,Srednekolymsk,RU,2020-01-04 20:04:34,67.46,153.71,-0.27,55,88,2.26
48,Yellowknife,CA,2020-01-04 20:05:09,62.45,-114.38,5.0,84,90,14.99
49,Sabang,PH,2020-01-04 20:06:29,13.8,121.11,79.0,82,36,8.01
50,Husavik,CA,2020-01-04 20:06:30,50.56,-96.99,26.01,91,100,10.0
51,Adrar,DZ,2020-01-04 20:06:30,27.87,-0.29,51.8,27,85,9.17
52,George,MW,2020-01-04 20:06:30,-15.35,34.83,73.22,90,100,3.2
53,Bluff,AU,2020-01-04 20:06:30,-23.58,149.07,72.23,72,59,8.48
54,Causapscal,CA,2020-01-04 20:06:30,48.35,-67.23,30.0,75,100,3.27
55,Vostok,RU,2020-01-04 20:06:31,46.45,135.83,-7.71,97,100,4.59
56,Nueva Guinea,NI,2020-01-04 20:06:31,11.69,-84.46,80.49,79,18,11.99
57,New Norfolk,AU,2020-01-04 20:03:19,-42.78,147.06,54.0,53,75,4.32
58,Buenaventura,CO,2020-01-04 20:06:31,3.89,-77.07,78.39,92,92,4.56
59,Mount Gambier,AU,2020-01-04 20:05:42,-37.83,140.78,53.6,71,90,8.05
60,Upernavik,GL,2020-01-04 20:06:32,72.79,-56.15,-35.36,97,64,12.21
61,Fortuna,US,2020-01-04 20:06:32,40.6,-124.16,55.0,87,1,4.7
62,Bara,NG,2020-01-04 20:06:32,10.41,10.6,66.18,30,40,9.44
63,Ati,TD,2020-01-04 20:06:33,13.21,18.34,67.44,18,0,13.67
64,Saint Anthony,US,2020-01-04 20:06:30,43.97,-111.68,35.6,85,90,3.36
65,Norman Wells,CA,2020-01-04 20:06:33,65.28,-126.83,-18.4,68,90,6.93
66,Mataura,NZ,2020-01-04 20:06:33,-46.19,168.86,51.01,88,98,5.99
67,Qaanaaq,GL,2020-01-04 20:06:33,77.48,-69.36,-40.9,61,0,5.1
68,Vestmannaeyjar,IS,2020-01-04 20:06:34,63.44,-20.27,43.84,76,91,27.92
69,Georgetown,GY,2020-01-04 20:06:34,6.8,-58.16,86.0,66,20,9.17
70,Sitka,US,2020-01-04 20:05:27,37.17,-99.65,54.0,44,0,5.01
71,Bonthe,SL,2020-01-04 20:06:34,7.53,-12.5,77.74,57,32,6.89
72,Rawson,AR,2020-01-04 20:06:34,-43.3,-65.11,59.2,76,0,16.04
73,Zhigansk,RU,2020-01-04 20:06:35,66.77,123.37,-20.09,94,100,10.76
74,Cape Town,ZA,2020-01-04 20:03:10,-33.93,18.42,69.01,72,29,8.05
75,Nuuk,GL,2020-01-04 20:06:35,64.17,-51.74,23.0,85,75,5.82
76,Berlevag,NO,2020-01-04 20:06:35,70.86,29.09,25.59,73,100,32.3
77,San Lorenzo,HN,2020-01-04 20:02:30,13.43,-87.45,93.2,41,100,4.7
78,Constitucion,MX,2020-01-04 20:06:36,23.99,-104.67,55.99,29,5,8.05
79,Butaritari,KI,2020-01-04 20:06:36,3.07,172.79,84.61,78,38,15.12
80,Luoyang,CN,2020-01-04 20:06:36,34.66,112.42,39.58,90,100,9.48
81,Chapais,CA,2020-01-04 20:06:36,49.78,-74.86,10.4,78,90,3.36
82,Oktyabrskoye,RU,2020-01-04 20:06:36,56.73,85.44,24.8,85,40,20.13
83,Pevek,RU,2020-01-04 20:03:23,69.7,170.27,-5.69,64,0,2.66
84,Emba,CY,2020-01-04 20:06:37,34.81,32.42,60.8,67,75,19.46
85,Tiksi,RU,2020-01-04 20:06:37,71.64,128.87,-16.85,86,77,7.58
86,Magadan,RU,2020-01-04 20:06:37,59.56,150.8,18.61,75,54,20.47
87,Port Blair,IN,2020-01-04 20:01:57,11.67,92.75,81.05,74,98,9.51
88,Punta Arenas,CL,2020-01-04 20:06:38,-53.16,-70.91,59.0,44,40,14.99
89,Port Alfred,ZA,2020-01-04 20:03:47,-33.59,26.89,71.01,98,100,1.95
90,Dzemul,MX,2020-01-04 20:06:38,21.21,-89.31,78.01,65,90,11.41
91,Birecik,TR,2020-01-04 20:06:38,37.03,37.98,39.2,93,90,4.7
92,Vaini,IN,2020-01-04 20:06:38,15.34,74.49,59.25,75,0,1.34
93,Ranau,MY,2020-01-04 20:06:39,5.95,116.67,77.0,88,75,2.24
94,Bolitoc,PH,2020-01-04 20:06:39,15.74,119.88,71.44,76,61,6.24
95,High Level,CA,2020-01-04 20:06:39,58.52,-117.13,3.2,84,40,5.82
96,Coquimbo,CL,2020-01-04 20:06:39,-29.95,-71.34,66.2,72,40,13.87
97,Fare,PF,2020-01-04 20:05:00,-16.7,-151.02,81.61,76,100,11.63
98,Port Hedland,AU,2020-01-04 20:06:40,-20.31,118.58,82.4,65,100,16.11
99,Castro,CL,2020-01-04 20:03:25,-42.48,-73.76,64.4,55,0,10.29
100,Uthal,PK,2020-01-04 20:06:40,25.81,66.62,64.67,75,0,4.68
101,Pyshchug,RU,2020-01-04 20:06:40,58.89,45.71,27.59,96,100,6.76
102,Kutum,SD,2020-01-04 20:06:40,14.2,24.66,54.39,27,0,5.01
103,Hithadhoo,MV,2020-01-04 20:06:41,-0.6,73.08,83.03,68,99,4.38
104,Najran,SA,2020-01-04 20:06:41,17.54,44.22,77.0,23,75,4.68
105,Kijang,KR,2020-01-04 20:06:41,35.24,129.21,32.0,56,0,4.7
106,Jacksonville,US,2020-01-04 20:06:41,30.33,-81.66,70.0,73,75,14.99
107,Estelle,FR,2020-01-04 20:06:42,43.97,3.47,50.0,53,0,11.41
108,Northam,AU,2020-01-04 20:06:42,-31.65,116.67,66.2,34,0,11.41
109,Bogorodskoye,RU,2020-01-04 20:06:42,52.37,140.44,-6.7,100,99,3.69
110,Singaraja,ID,2020-01-04 20:06:43,-8.11,115.08,81.59,74,100,4.45
111,Kaitangata,NZ,2020-01-04 20:06:43,-46.28,169.85,49.23,86,100,7.96
112,Saldanha,PT,2020-01-04 20:06:43,41.42,-6.55,38.01,86,0,4.61
113,Spring Hill,US,2020-01-04 20:06:43,28.46,-82.54,70.0,72,90,19.46
114,San Patricio,PY,2020-01-04 20:06:13,-26.98,-56.83,90.84,31,0,3.33
115,Neiafu,TO,2020-01-04 20:06:44,-18.65,-173.98,77.0,78,20,3.36
116,Bambous Virieux,MU,2020-01-04 20:05:06,-20.34,57.76,79.0,94,40,13.6
117,Mapastepec,MX,2020-01-04 20:06:44,15.44,-92.9,88.7,42,74,6.44
118,Katsuura,JP,2020-01-04 20:06:45,33.93,134.5,46.4,61,75,13.87
119,Svetlogorsk,RU,2020-01-04 20:06:45,53.14,59.15,23.0,85,40,22.37
120,Koster,ZA,2020-01-04 20:06:45,-25.86,26.9,69.01,50,0,11.7
121,Nikolskoye,RU,2020-01-04 20:06:45,59.7,30.79,34.0,86,90,15.66
122,Santa Marta,CO,2020-01-04 20:06:45,11.24,-74.21,91.4,55,20,6.93
123,Astara,AZ,2020-01-04 20:06:46,38.42,48.87,42.8,100,75,3.36
124,Jimma,ET,2020-01-04 20:06:46,7.67,36.84,62.51,78,70,2.39
125,Haines Junction,CA,2020-01-04 20:06:46,60.75,-137.51,-8.25,97,100,3.31
126,Tshikapa,CD,2020-01-04 20:06:46,-6.42,20.79,70.95,95,100,0.81
127,Lorengau,PG,2020-01-04 20:06:47,-2.02,147.27,84.31,72,90,9.06
128,Saint-Joseph,FR,2020-01-04 20:06:47,43.56,6.97,52.0,87,0,4.7
129,Kultuk,RU,2020-01-04 20:06:47,51.73,103.71,7.72,73,7,3.85
130,Chokurdakh,RU,2020-01-04 20:06:48,70.62,147.9,-14.71,98,73,0.81
131,Kudahuvadhoo,MV,2020-01-04 20:06:48,2.67,72.89,82.18,78,1,8.08
132,Komsomolskiy,RU,2020-01-04 20:06:48,67.55,63.78,25.43,90,78,17.94
133,Manggar,ID,2020-01-04 20:06:48,-2.88,108.27,82.06,80,44,19.95
134,Khatanga,RU,2020-01-04 20:06:48,71.98,102.47,-18.11,85,0,8.79
135,Jacareacanga,BR,2020-01-04 20:06:49,-6.22,-57.76,82.53,68,64,2.44
136,Victoria,BN,2020-01-04 20:03:42,5.28,115.24,82.4,78,75,8.05
137,San Jose,HN,2020-01-04 20:04:12,14.25,-87.96,77.9,52,100,11.21
138,Epitalion,GR,2020-01-04 20:06:49,37.63,21.5,44.6,87,20,4.7
139,Lebu,ET,2020-01-04 20:06:50,8.96,38.73,60.8,55,20,6.93
140,Boljoon,PH,2020-01-04 20:06:50,9.63,123.48,79.25,79,1,21.88
141,Lata,IN,2020-01-04 20:06:50,30.78,78.62,-0.81,62,39,9.95
142,Muyezerskiy,RU,2020-01-04 20:06:50,63.93,31.65,24.15,91,100,9.6
143,Codrington,AU,2020-01-04 20:06:50,-28.95,153.24,71.6,93,0,5.66
144,Ningbo,CN,2020-01-04 20:06:51,29.88,121.54,53.01,100,90,4.47
145,Broken Hill,AU,2020-01-04 20:06:51,-31.97,141.45,68.0,37,41,24.16
146,Filadelfia,PY,2020-01-04 20:06:51,-22.35,-60.04,97.32,16,0,8.84
147,Torbay,CA,2020-01-04 20:05:26,47.66,-52.73,35.01,98,90,14.99
148,Bensonville,LR,2020-01-04 20:06:52,6.45,-10.61,75.2,83,20,1.95
149,Nanortalik,GL,2020-01-04 20:06:52,60.14,-45.24,30.34,89,100,15.46
150,Lavrentiya,RU,2020-01-04 20:06:52,65.58,-170.99,-11.18,85,78,11.18
151,Pizhma,RU,2020-01-04 20:06:52,57.86,47.12,28.6,95,100,9.26
152,Saint-Augustin,CA,2020-01-04 20:03:45,45.63,-73.98,33.01,92,90,12.75
153,Yarmouth,CA,2020-01-04 20:06:53,43.84,-66.12,41.0,80,90,2.24
154,Novorzhev,RU,2020-01-04 20:06:53,57.03,29.33,32.05,87,52,13.15
155,Majene,ID,2020-01-04 20:06:53,-3.54,118.97,76.01,83,100,4.83
156,Chernyshevskiy,RU,2020-01-04 20:06:53,63.01,112.47,-7.11,99,96,3.65
157,Atuona,PF,2020-01-04 20:06:54,-9.8,-139.03,81.55,68,5,9.24
158,Saint George,GR,2020-01-04 20:06:54,39.45,22.34,44.01,64,100,5.82
159,Cabo San Lucas,MX,2020-01-04 20:06:54,22.89,-109.91,79.0,36,5,5.82
160,Porto Novo,BR,2020-01-04 20:06:54,-23.68,-45.44,69.8,88,75,6.93
161,Khash,IR,2020-01-04 20:06:55,28.22,61.21,53.44,80,98,9.95
162,Kruisfontein,ZA,2020-01-04 20:05:29,-34.0,24.73,68.18,96,49,3.51
163,Portland,US,2020-01-04 20:04:23,43.66,-70.25,39.99,80,90,6.93
164,Swan Hill,AU,2020-01-04 20:06:55,-35.34,143.56,60.01,53,98,7.0
165,Bandarbeyla,SO,2020-01-04 20:03:48,9.49,50.81,77.4,80,57,14.81
166,Petropavlovsk-Kamchatskiy,RU,2020-01-04 20:06:56,53.05,158.65,19.4,79,40,4.47
167,Nome,US,2020-01-04 20:06:56,30.04,-94.42,69.01,32,1,8.05
168,Port Augusta,AU,2020-01-04 20:06:56,-32.49,137.76,57.99,70,100,5.01
169,Zyryanka,RU,2020-01-04 20:06:56,65.73,150.89,4.3,72,15,17.83
170,Huarmey,PE,2020-01-04 20:04:05,-10.07,-78.15,78.62,55,92,7.85
171,Batagay,RU,2020-01-04 20:06:57,67.65,134.64,-27.63,94,0,1.1
172,Toamasina,MG,2020-01-04 20:06:57,-18.17,49.38,78.8,83,75,5.82
173,Isangel,VU,2020-01-04 20:06:57,-19.55,169.27,76.89,78,5,14.47
174,Shingu,JP,2020-01-04 20:06:57,33.72,135.99,45.52,66,0,15.43
175,Illescas,ES,2020-01-04 20:06:58,40.12,-3.85,48.2,75,24,6.73
176,Mizan Teferi,ET,2020-01-04 20:06:58,6.99,35.58,63.7,87,5,2.93
177,Carnarvon,ZA,2020-01-04 20:06:58,-30.97,22.13,72.52,24,0,14.58
178,Kapit,MY,2020-01-04 20:06:58,2.02,112.94,71.11,99,100,1.1
179,Hovd,NO,2020-01-04 20:06:59,63.83,10.7,37.0,86,75,27.51
180,Saint-Francois,FR,2020-01-04 20:06:59,46.42,3.91,35.6,74,75,3.36
181,Kavieng,PG,2020-01-04 20:06:59,-2.57,150.8,83.77,77,100,12.12
182,Salamiyah,SY,2020-01-04 20:06:59,35.01,37.05,45.7,88,36,10.29
183,Trairi,BR,2020-01-04 20:07:00,-3.28,-39.27,79.65,68,97,4.43
184,Devli,IN,2020-01-04 20:07:00,28.23,77.32,62.01,76,20,0.69
185,Tuktoyaktuk,CA,2020-01-04 20:05:21,69.44,-133.03,-23.8,74,40,11.41
186,Caraballeda,VE,2020-01-04 20:07:00,10.61,-66.85,89.6,55,20,6.93
187,Beringovskiy,RU,2020-01-04 20:07:00,63.05,179.32,-8.45,75,0,17.96
188,Pacific Grove,US,2020-01-04 20:03:00,36.62,-121.92,62.01,67,1,5.82
189,Taoudenni,ML,2020-01-04 20:06:22,22.68,-3.98,58.68,23,0,10.04
190,Nyurba,RU,2020-01-04 20:07:01,63.29,118.35,-16.56,98,100,2.55
191,Fort Nelson,CA,2020-01-04 20:07:02,58.81,-122.69,-5.8,70,75,10.29
192,Fairbanks,US,2020-01-04 20:07:02,64.84,-147.72,-20.0,60,75,3.29
193,Garden City,US,2020-01-04 20:06:37,43.62,-116.24,46.99,60,90,8.05
194,Bredasdorp,ZA,2020-01-04 20:07:02,-34.53,20.04,68.0,64,25,8.05
195,Caceres,CO,2020-01-04 20:07:02,5.53,-74.53,80.11,69,26,3.8
196,Laguna,BZ,2020-01-04 20:07:03,16.17,-88.94,86.0,66,40,9.17
197,Riyadh,SA,2020-01-04 20:07:03,24.63,46.72,66.2,55,40,4.7
198,Falun,SE,2020-01-04 20:07:03,60.61,15.63,33.01,63,0,9.17
199,Luanda,AO,2020-01-04 20:03:56,-8.83,13.24,77.0,88,75,6.93
200,Energetik,RU,2020-01-04 20:07:04,51.74,58.8,12.94,96,69,8.93
201,Malinovoye Ozero,RU,2020-01-04 20:07:04,51.68,79.77,18.82,88,95,10.36
202,Zeya,RU,2020-01-04 20:07:04,53.74,127.27,-20.92,98,0,2.84
203,Thompson,CA,2020-01-04 20:03:00,55.74,-97.86,1.4,77,90,5.82
204,Mehran,IR,2020-01-04 20:07:04,33.12,46.17,35.6,93,0,2.24
205,Morondava,MG,2020-01-04 20:07:05,-20.3,44.28,77.31,85,0,1.25
206,Edd,ER,2020-01-04 20:07:05,13.93,41.69,77.63,62,0,4.85
207,Egvekinot,RU,2020-01-04 20:07:05,66.32,-179.17,-12.78,59,0,11.68
208,Kahului,US,2020-01-04 20:02:25,20.89,-156.47,77.0,78,20,18.34
209,Saint-Philippe,CA,2020-01-04 20:07:05,45.36,-73.48,33.01,92,90,12.75
210,Pangnirtung,CA,2020-01-04 20:07:06,66.15,-65.72,1.4,77,75,6.93
211,Cidreira,BR,2020-01-04 20:05:46,-30.17,-50.22,73.17,80,23,17.76
212,Sinnamary,GF,2020-01-04 20:06:06,5.38,-52.96,79.81,80,100,14.85
213,Kununurra,AU,2020-01-04 20:07:06,-15.77,128.74,80.6,88,77,2.24
214,Grimshaw,CA,2020-01-04 20:07:07,56.19,-117.61,24.8,73,20,12.75
215,Nieuw Amsterdam,SR,2020-01-04 20:07:07,5.88,-55.08,86.0,70,40,13.87
216,Tecpan,GT,2020-01-04 20:07:07,14.76,-90.99,73.4,56,40,20.8
217,Corinto,CO,2020-01-04 20:07:07,3.17,-76.26,89.6,43,40,3.36
218,Dalvik,SE,2020-01-04 20:07:08,57.79,14.13,33.01,56,0,11.41
219,Pyu,MM,2020-01-04 20:07:08,18.48,96.43,67.6,76,0,6.2
220,Mar Del Plata,AR,2020-01-04 20:03:26,-46.43,-67.52,64.15,42,17,13.82
221,Jawhar,IN,2020-01-04 20:07:09,19.91,73.23,63.55,70,0,4.29
222,Spornoye,RU,2020-01-04 20:07:09,50.84,37.29,30.2,92,75,8.95
223,Maracaju,BR,2020-01-04 20:07:09,-21.61,-55.17,81.18,73,22,6.89
224,Batavia,US,2020-01-04 20:07:09,43.0,-78.19,36.0,80,90,5.82
225,Lircay,PE,2020-01-04 20:07:09,-12.99,-74.72,75.2,36,20,2.24
226,Lasa,CY,2020-01-04 20:07:10,34.92,32.53,60.8,67,75,19.46
227,Lompoc,US,2020-01-04 20:07:10,34.64,-120.46,63.0,50,1,3.36
228,Manyana,AU,2020-01-04 20:07:10,-35.26,150.51,69.01,59,41,11.41
229,Port-Gentil,GA,2020-01-04 20:07:10,-0.72,8.78,78.8,94,90,6.93
230,Saint-Georges,CA,2020-01-04 20:05:46,46.12,-70.67,35.01,83,100,1.99
231,Valle De Allende,MX,2020-01-04 20:07:11,26.94,-105.39,59.25,17,0,7.78
232,Khasan,RU,2020-01-04 20:07:11,42.43,130.64,18.45,64,0,11.34
233,Praia Da Vitoria,PT,2020-01-04 20:07:11,38.73,-27.07,64.4,88,40,20.92
234,Durban,CA,2020-01-04 20:07:11,51.93,-101.44,22.26,92,100,3.74
235,Puerto Leguizamo,CO,2020-01-04 20:07:11,-0.19,-74.78,90.91,43,45,3.51
236,Ancud,CL,2020-01-04 20:05:12,-41.87,-73.83,64.4,55,0,10.29
237,Ciudad Bolivar,VE,2020-01-04 20:07:12,8.12,-63.55,88.7,39,1,9.91
238,Talnakh,RU,2020-01-04 20:07:12,69.49,88.39,-0.4,77,100,22.37
239,Dewas,IN,2020-01-04 20:07:12,22.96,76.05,55.4,87,0,4.7
240,Oistins,BB,2020-01-04 20:02:52,13.07,-59.53,82.4,65,40,16.11
241,Ixtapa,MX,2020-01-04 20:07:13,20.71,-105.21,77.0,53,75,5.82
242,Lagoa,PT,2020-01-04 20:05:24,37.14,-8.45,55.0,87,0,4.7
243,Souillac,FR,2020-01-04 20:07:13,45.6,-0.6,42.8,81,0,8.05
244,Sarakhs,TM,2020-01-04 20:07:14,36.54,61.16,41.0,80,3,4.7
245,Ilulissat,GL,2020-01-04 20:07:14,69.22,-51.1,12.2,66,40,11.41
246,Praia,BR,2020-01-04 20:07:14,-20.25,-43.81,77.0,73,75,3.36
247,Tianpeng,CN,2020-01-04 20:07:14,28.88,112.34,45.23,81,100,7.27
248,Barahona,DO,2020-01-04 20:07:15,18.21,-71.1,87.8,55,20,18.34
249,Inhambane,MZ,2020-01-04 20:07:15,-23.87,35.38,78.93,80,20,13.56
250,Saraipali,IN,2020-01-04 20:07:15,21.32,83.0,60.55,84,0,4.32
251,Hauknes,NO,2020-01-04 20:07:15,66.28,14.07,28.4,86,40,4.7
252,Tari,NG,2020-01-04 20:07:16,12.41,4.49,66.42,21,0,11.16
253,Port Elizabeth,US,2020-01-04 20:05:42,39.31,-74.98,57.99,93,90,6.93
254,Mitu,IR,2020-01-04 20:07:16,36.2,46.09,21.83,95,80,3.13
255,Airai,TL,2020-01-04 20:07:16,-8.93,125.41,69.01,80,94,5.53
256,Luderitz,NA,2020-01-04 20:07:16,-26.65,15.16,62.53,87,0,25.5
257,Caravelas,BR,2020-01-04 20:07:17,-17.73,-39.27,78.39,84,100,8.88
258,Jalu,LY,2020-01-04 20:07:17,29.03,21.55,50.45,73,0,8.95
259,Mehamn,NO,2020-01-04 20:07:17,71.03,27.85,21.83,74,100,24.47
260,Camacha,PT,2020-01-04 20:07:17,33.08,-16.33,64.4,77,75,5.82
261,Cherskiy,RU,2020-01-04 20:03:35,68.75,161.3,-2.87,58,31,6.64
262,Gondanglegi,ID,2020-01-04 20:07:18,-7.75,112.01,73.11,90,97,2.13
263,Alofi,NU,2020-01-04 20:05:42,-19.06,-169.92,80.6,83,0,8.05
264,Nhulunbuy,AU,2020-01-04 20:07:18,-12.18,136.78,80.6,78,100,6.11
265,Lat Yao,TH,2020-01-04 20:07:18,15.75,99.79,73.4,63,12,2.01
266,Gusev,RU,2020-01-04 20:07:19,54.59,22.2,33.44,82,58,9.44
267,Clyde River,CA,2020-01-04 20:03:37,70.47,-68.59,-23.8,67,75,9.17
268,Lakselv,NO,2020-01-04 20:07:19,70.05,24.96,26.6,73,99,33.33
269,Rocha,UY,2020-01-04 20:02:26,-34.48,-54.34,76.86,52,0,14.92
270,Canon City,US,2020-01-04 20:07:19,39.46,-117.13,48.2,31,75,4.7
271,Christchurch,NZ,2020-01-04 20:07:20,-43.53,172.64,57.0,87,100,11.41
272,Eyl,SO,2020-01-04 20:07:20,7.98,49.82,78.22,81,0,17.49
273,Narsaq,GL,2020-01-04 20:05:25,60.91,-46.05,26.6,86,75,3.38
274,Beira,ES,2020-01-04 20:07:20,43.2,-8.36,50.0,93,0,2.24
275,Esmeraldas,BR,2020-01-04 20:07:20,-19.76,-44.31,77.0,83,75,9.17
276,Leningradskiy,RU,2020-01-04 20:05:07,69.38,178.42,-9.0,62,34,1.07
277,Kimberley,ZA,2020-01-04 20:07:21,-28.74,24.76,69.8,60,64,19.46
278,Moron,HT,2020-01-04 20:07:21,18.56,-74.26,80.19,69,7,3.38
279,Khani,GE,2020-01-04 20:07:21,41.96,42.96,35.6,70,56,5.82
280,Sisimiut,GL,2020-01-04 20:07:22,66.94,-53.67,7.54,88,100,4.9
281,Tabou,CI,2020-01-04 20:07:22,4.42,-7.36,73.47,62,0,3.13
282,Boffa,GN,2020-01-04 20:07:22,10.18,-14.04,76.73,56,46,5.46
283,Samagaltay,RU,2020-01-04 20:07:22,50.6,95.0,-11.02,94,93,1.77
284,Revelstoke,CA,2020-01-04 20:07:23,50.99,-118.19,35.6,70,90,4.7
285,Bambanglipuro,ID,2020-01-04 20:07:23,-7.95,110.28,73.65,93,63,4.18
286,Gawler,AU,2020-01-04 20:07:23,-34.6,138.75,55.99,87,90,8.05
287,Kahama,TZ,2020-01-04 20:07:23,-3.83,32.6,66.31,88,76,2.37
288,Sivas,TR,2020-01-04 20:07:24,39.75,37.01,24.8,92,75,6.93
289,Santa Cruz Del Sur,CU,2020-01-04 20:07:24,20.71,-78.0,79.79,75,0,7.18
290,Fougamou,GA,2020-01-04 20:07:24,-1.22,10.59,75.31,96,68,2.82
291,Yulara,AU,2020-01-04 20:07:24,-25.24,130.99,62.6,100,90,6.93
292,San Isidro,CR,2020-01-04 20:07:24,10.02,-84.06,82.4,47,20,16.11
293,Powassan,CA,2020-01-04 20:07:25,46.08,-79.36,28.99,85,90,6.93
294,Lar,IR,2020-01-04 20:07:25,27.66,54.32,60.8,72,75,3.98
295,Siirt,TR,2020-01-04 20:07:25,37.93,41.94,37.74,84,96,0.76
296,Nishihara,JP,2020-01-04 20:07:25,35.74,139.53,41.0,65,20,17.22
297,Smithers,CA,2020-01-04 20:07:26,54.78,-127.17,21.2,92,75,8.05
298,Hlobyne,UA,2020-01-04 20:07:26,49.39,33.25,34.27,98,100,5.46
299,Bilibino,RU,2020-01-04 20:07:26,68.06,166.44,-4.83,48,0,1.52
300,Rio Gallegos,AR,2020-01-04 20:07:26,-51.62,-69.22,62.6,52,40,20.8
301,Saint-Ambroise,CA,2020-01-04 20:07:27,48.56,-71.32,24.8,79,90,9.17
302,Khakhea,BW,2020-01-04 20:07:27,-24.69,23.5,85.24,30,5,9.37
303,Kenai,US,2020-01-04 20:07:27,60.55,-151.26,-0.99,75,1,8.7
304,Ziarat,PK,2020-01-04 20:07:27,30.38,67.73,33.3,97,97,4.81
305,Mahebourg,MU,2020-01-04 20:05:31,-20.41,57.7,79.0,94,40,6.85
306,Kyren,RU,2020-01-04 20:07:28,51.68,102.13,4.5,74,18,1.81
307,Aklavik,CA,2020-01-04 20:07:28,68.22,-135.01,-22.0,74,40,6.93
308,Koygorodok,RU,2020-01-04 20:07:28,60.44,51.01,29.03,96,100,7.23
309,Saurimo,AO,2020-01-04 20:07:29,-9.66,20.4,66.15,97,100,2.08
310,Acapulco,MX,2020-01-04 20:07:29,16.86,-99.88,86.0,66,40,4.7
311,Bathsheba,BB,2020-01-04 20:07:29,13.22,-59.52,82.4,65,40,16.11
312,Fallon,US,2020-01-04 20:07:29,46.84,-105.12,42.01,60,1,11.41
313,Evensk,RU,2020-01-04 20:06:23,61.92,159.24,8.55,50,66,8.12
314,Puerto Del Rosario,ES,2020-01-04 20:07:30,28.5,-13.86,64.4,68,20,10.29
315,Arraial Do Cabo,BR,2020-01-04 20:07:30,-22.97,-42.02,77.0,94,75,4.7
316,Paamiut,GL,2020-01-04 20:07:30,61.99,-49.67,26.4,72,100,12.12
317,San Juan,AR,2020-01-04 20:06:37,-31.54,-68.53,99.48,16,0,8.52
318,Hyeres,FR,2020-01-04 20:07:31,43.12,6.14,50.0,81,0,2.24
319,Samarai,PG,2020-01-04 20:07:31,-10.62,150.67,79.09,81,26,1.25
320,Sorland,NO,2020-01-04 20:07:31,67.67,12.69,33.22,60,95,19.6
321,Sur,OM,2020-01-04 20:07:31,22.57,59.53,69.73,68,0,11.83
322,Richards Bay,ZA,2020-01-04 20:04:31,-28.77,32.06,79.07,78,95,25.43
323,Cedar City,US,2020-01-04 20:07:12,37.68,-113.06,46.99,48,1,12.75
324,Dauriya,RU,2020-01-04 20:07:32,49.93,116.85,3.51,82,21,1.34
325,Kizukuri,JP,2020-01-04 20:07:32,40.81,140.39,28.99,58,94,7.0
326,Talaya,RU,2020-01-04 20:07:33,55.79,84.89,24.8,85,40,20.13
327,Dhidhdhoo,MV,2020-01-04 20:07:33,6.88,73.1,81.3,81,0,12.3
328,Imeni Poliny Osipenko,RU,2020-01-04 20:07:33,52.42,136.49,-18.35,97,32,4.0
329,Mankera,NG,2020-01-04 20:07:33,13.01,5.07,65.21,22,0,11.77
330,Conde,BR,2020-01-04 20:05:52,-11.81,-37.61,80.78,80,100,17.56
331,Chunskiy,RU,2020-01-04 20:07:34,56.08,99.63,19.35,96,83,4.76
332,Ballarpur,IN,2020-01-04 20:07:34,19.85,79.35,61.77,75,0,6.6
333,Aksu,KZ,2020-01-04 20:07:35,52.04,76.93,26.6,86,90,8.95
334,La Paz,MX,2020-01-04 20:07:35,24.15,-110.32,73.0,53,20,17.22
335,Yar-Sale,RU,2020-01-04 20:07:35,66.83,70.83,28.74,95,100,15.77
336,Alyangula,AU,2020-01-04 20:07:35,-13.85,136.42,77.0,94,99,2.06
337,Vuktyl,RU,2020-01-04 20:07:36,63.86,57.31,27.63,86,68,11.88
338,Bani Walid,LY,2020-01-04 20:07:36,31.76,14.0,47.03,52,0,8.28
339,Chara,GR,2020-01-04 20:07:36,39.42,22.43,44.01,64,100,5.82
340,Brae,GB,2020-01-04 20:07:36,60.4,-1.35,42.8,93,100,25.28
341,Benito Juarez,CU,2020-01-04 20:07:37,22.29,-79.63,87.8,48,40,6.93
342,Hamilton,CA,2020-01-04 20:07:37,43.26,-79.87,37.99,80,90,6.93
343,Ayan,IR,2020-01-04 20:07:37,38.23,44.7,15.1,83,95,8.1
344,Antalaha,MG,2020-01-04 20:07:37,-14.9,50.28,79.0,84,100,3.0
345,Muros,ES,2020-01-04 20:07:37,42.77,-9.06,52.0,100,0,4.7
346,Poum,MK,2020-01-04 20:03:56,41.28,20.71,33.8,74,100,4.7
347,Vila Velha,BR,2020-01-04 20:07:38,-3.71,-38.6,86.0,58,20,12.75
348,Bozoum,CF,2020-01-04 20:07:38,6.31,16.38,66.94,27,58,4.61
349,Namibe,AO,2020-01-04 20:07:38,-15.19,12.15,75.63,89,99,10.27
350,Vardo,US,2020-01-04 20:07:38,39.62,-77.74,57.2,71,90,12.75
351,Tayoltita,MX,2020-01-04 20:07:39,24.11,-105.93,76.53,22,0,0.78
352,Dinhata,IN,2020-01-04 20:07:39,26.13,89.46,59.5,79,41,4.45
353,Horsham,AU,2020-01-04 20:07:39,-36.71,142.2,54.12,65,100,12.41
354,Longyearbyen,NO,2020-01-04 20:05:31,78.22,15.63,3.2,71,40,10.29
355,Tongren,CN,2020-01-04 20:07:40,27.72,109.18,41.56,90,89,2.24
356,Mayo,CA,2020-01-04 20:07:40,63.59,-135.9,-9.4,69,90,2.24
357,Gbarnga,LR,2020-01-04 20:07:40,7.0,-9.47,72.1,32,0,0.69
358,Makakilo City,US,2020-01-04 20:04:25,21.35,-158.09,75.2,88,90,23.04
359,Houma,CN,2020-01-04 20:07:41,35.63,111.36,32.38,99,100,2.71
360,Teya,MX,2020-01-04 20:07:41,21.05,-89.07,78.8,61,75,8.05
361,Selizharovo,RU,2020-01-04 20:07:41,56.86,33.45,29.59,88,84,10.22
362,Upata,VE,2020-01-04 20:07:42,8.02,-62.41,81.36,60,87,2.66
363,Verkhoyansk,RU,2020-01-04 20:07:42,67.55,133.39,-30.14,90,0,2.17
364,Gazli,UZ,2020-01-04 20:07:42,40.13,63.45,32.7,57,1,8.03
365,Stanghelle,NO,2020-01-04 20:07:42,60.55,5.74,37.0,90,75,5.82
366,Kuching,MY,2020-01-04 20:07:43,1.56,110.34,77.0,100,75,3.36
367,San Quintin,PH,2020-01-04 20:07:43,17.54,120.52,68.83,79,65,4.88
368,Kamenka,MD,2020-01-04 20:07:43,48.03,28.7,35.01,89,94,9.42
369,Delijan,IR,2020-01-04 20:07:43,33.99,50.69,35.4,88,75,1.45
370,Lisakovsk,KZ,2020-01-04 20:07:44,52.55,62.49,14.72,91,50,14.23
371,Sanguem,IN,2020-01-04 20:07:44,15.23,74.14,71.6,68,0,5.82
372,Inuvik,CA,2020-01-04 20:07:44,68.36,-133.71,-22.0,67,40,4.7
373,Isaka,CD,2020-01-04 20:07:45,-2.81,17.72,75.22,61,100,1.61
374,Viedma,AR,2020-01-04 20:07:45,-40.81,-62.99,65.8,59,2,17.74
375,Anloga,GH,2020-01-04 20:07:45,5.79,0.9,80.6,47,73,4.7
376,Gboko,NG,2020-01-04 20:07:45,7.32,9.0,73.99,24,5,7.05
377,Siguiri,GN,2020-01-04 20:07:46,11.42,-9.17,68.23,11,51,5.75
378,Solnechnyy,RU,2020-01-04 20:07:46,50.72,136.64,-10.28,82,0,2.1
379,Ponta Do Sol,BR,2020-01-04 20:04:07,-20.63,-46.0,72.32,89,100,2.01
380,Alihe,CN,2020-01-04 20:07:46,50.57,123.73,-1.8,91,2,4.63
381,Bilma,NE,2020-01-04 20:07:47,18.69,12.92,49.51,34,0,3.24
382,Qaqortoq,GL,2020-01-04 20:07:47,60.72,-46.03,26.6,86,75,4.56
383,Nalut,LY,2020-01-04 20:07:47,31.86,10.98,47.68,38,0,5.03
384,Hay River,CA,2020-01-04 20:07:47,60.82,-115.79,8.6,92,90,8.05
385,Marzuq,YE,2020-01-04 20:07:47,14.4,46.47,59.86,82,0,5.14
386,Fayaoue,NC,2020-01-04 20:07:48,-20.65,166.53,76.93,78,0,17.74
387,Bosaso,SO,2020-01-04 20:05:37,11.28,49.18,76.82,81,4,16.89
388,Sambava,MG,2020-01-04 20:07:48,-14.27,50.17,73.27,98,100,1.79
389,Krasnyy Chikoy,RU,2020-01-04 20:07:48,50.36,108.75,4.78,86,100,0.87
390,Sao Filipe,CV,2020-01-04 20:03:40,14.9,-24.5,70.59,77,39,10.83
391,Lahij,YE,2020-01-04 20:07:49,13.06,44.88,75.83,73,75,7.87
392,Alsfeld,DE,2020-01-04 20:07:49,50.75,9.27,44.01,93,75,6.93
393,Rocky Mount,US,2020-01-04 20:07:49,35.94,-77.8,64.99,82,90,16.11
394,Provideniya,RU,2020-01-04 20:03:30,64.42,-173.23,-12.82,78,60,10.63
395,Warrnambool,AU,2020-01-04 20:07:50,-38.38,142.48,55.0,82,100,15.28
396,Sorong,ID,2020-01-04 20:07:50,-0.86,131.25,72.54,97,100,1.63
397,Ko Samui,TH,2020-01-04 20:07:50,9.54,99.94,80.58,75,49,10.85
398,Parga,ES,2020-01-04 20:07:50,43.39,-8.21,50.0,93,0,2.24
399,Tilichiki,RU,2020-01-04 20:07:51,60.47,166.1,-0.94,69,98,5.68
400,Iacu,BR,2020-01-04 20:07:51,-12.77,-40.21,73.53,88,100,3.76
401,Pinega,RU,2020-01-04 20:07:51,64.7,43.39,25.61,95,100,6.38
402,Havelock,US,2020-01-04 20:07:51,34.88,-76.9,78.8,82,90,16.11
403,Hobyo,SO,2020-01-04 20:06:05,5.35,48.53,77.72,81,0,14.45
404,Baoning,CN,2020-01-04 20:07:52,25.34,110.03,48.2,93,90,2.24
405,Touros,BR,2020-01-04 20:07:52,-5.2,-35.46,84.2,62,40,17.22
406,Masvingo,ZW,2020-01-04 20:07:52,-20.08,30.83,72.41,52,0,8.32
407,Cap Malheureux,MU,2020-01-04 20:07:53,-19.98,57.61,79.0,94,40,12.03
408,Jumla,NP,2020-01-04 20:07:53,29.28,82.18,17.22,85,53,4.68
409,Malindi,KE,2020-01-04 20:07:53,-3.22,40.12,82.4,78,40,3.91
410,Kalmunai,LK,2020-01-04 20:07:53,7.42,81.82,81.66,75,6,8.43
411,Port Lincoln,AU,2020-01-04 20:07:53,-34.72,135.86,58.98,78,100,17.2
412,Petauke,ZM,2020-01-04 20:07:54,-14.25,31.33,68.04,94,100,2.42
413,Monrovia,LR,2020-01-04 20:07:54,6.33,-10.8,75.2,83,20,7.07
414,Tocopilla,CL,2020-01-04 20:07:54,-22.09,-70.2,68.58,31,0,12.62
415,Linjiang,CN,2020-01-04 20:07:54,41.81,126.91,4.93,97,59,2.21
416,Latnaya,RU,2020-01-04 20:07:55,51.66,38.9,33.8,86,90,8.95
417,Tokur,RU,2020-01-04 20:07:55,53.13,132.9,-25.17,95,16,1.81
418,Chiman,PK,2020-01-04 20:07:55,32.55,73.81,50.0,81,20,5.39
419,Tual,ID,2020-01-04 20:07:55,-5.67,132.75,82.65,79,100,18.99
420,Chicama,PE,2020-01-04 20:07:56,-7.84,-79.15,73.4,78,20,10.29
421,Aracruz,BR,2020-01-04 20:07:56,-19.82,-40.27,84.2,79,75,5.82
422,Mitha Tiwana,PK,2020-01-04 20:07:56,32.24,72.11,51.21,51,36,9.55
423,Tuatapere,NZ,2020-01-04 20:07:56,-46.13,167.69,51.01,88,100,5.99
424,Clarence Town,AU,2020-01-04 20:07:56,-32.59,151.78,73.4,56,90,14.99
425,Kieta,PG,2020-01-04 20:07:57,-6.22,155.63,82.63,72,7,3.83
426,Teahupoo,PF,2020-01-04 20:07:57,-17.83,-149.27,86.0,66,40,3.36
427,Linqiong,CN,2020-01-04 20:07:57,30.42,103.46,51.01,93,40,2.24
428,Sao Joao Dos Patos,BR,2020-01-04 20:07:57,-6.5,-43.7,72.07,95,100,3.8
429,Nampula,MZ,2020-01-04 20:07:57,-15.12,39.26,73.4,94,75,6.93
430,Banda Aceh,ID,2020-01-04 20:07:58,5.56,95.32,71.83,87,0,5.14
431,Verkhnevilyuysk,RU,2020-01-04 20:07:58,63.45,120.31,-20.79,98,94,2.68
432,Oudtshoorn,ZA,2020-01-04 20:07:58,-33.59,22.2,68.0,94,0,2.24
433,Yamada,JP,2020-01-04 20:07:59,36.58,137.08,39.2,91,75,13.87
434,Yuncheng,CN,2020-01-04 20:07:59,35.03,111.0,33.85,97,100,3.4
435,Nadvoitsy,RU,2020-01-04 20:07:59,63.89,34.27,25.11,97,100,4.61
436,Eureka,US,2020-01-04 20:05:13,40.8,-124.16,55.0,87,1,4.7
437,Salym,RU,2020-01-04 20:07:59,60.06,71.48,24.73,91,100,11.18
438,Panaba,MX,2020-01-04 20:08:00,21.28,-88.27,74.03,75,100,14.47
439,Noumea,NC,2020-01-04 20:03:51,-22.28,166.46,77.0,68,7,3.36
440,Pisco,PE,2020-01-04 20:03:36,-13.71,-76.2,75.0,30,89,14.99
441,Iralaya,HN,2020-01-04 20:08:00,15.0,-83.23,82.35,66,0,5.61
442,Valentin Gomez Farias,MX,2020-01-04 20:08:01,24.05,-104.7,55.99,25,5,3.36
443,Killarney,AU,2020-01-04 20:08:01,-28.34,152.3,66.0,52,0,1.01
444,Toora-Khem,RU,2020-01-04 20:08:01,52.47,96.11,-3.24,95,84,1.34
445,Agadez,NE,2020-01-04 20:08:01,16.97,7.99,56.75,26,0,15.19
446,Iqaluit,CA,2020-01-04 20:08:01,63.75,-68.52,-14.8,68,75,38.03
447,Ambulu,ID,2020-01-04 20:08:02,-8.35,113.61,82.72,80,82,19.17
448,Port Hardy,CA,2020-01-04 20:08:02,50.7,-127.42,39.2,93,90,3.36
449,Borzya,RU,2020-01-04 20:08:02,50.39,116.53,1.74,83,12,1.63
450,Cartagena,ES,2020-01-04 20:05:39,37.63,-1.0,51.01,100,1,6.93
451,Mersing,MY,2020-01-04 20:08:02,2.43,103.84,79.63,82,94,18.3
452,Xichang,CN,2020-01-04 20:08:03,27.88,102.25,35.98,96,98,9.26
453,Darlowo,PL,2020-01-04 20:08:03,54.42,16.41,39.7,62,33,26.42
454,Jipijapa,EC,2020-01-04 20:08:03,-1.35,-80.58,84.2,66,20,10.29
455,Fukue,JP,2020-01-04 20:08:03,35.03,136.69,44.6,70,20,27.51
456,Ampanihy,MG,2020-01-04 20:08:03,-24.69,44.75,74.35,75,0,13.22
457,Marsabit,KE,2020-01-04 20:08:04,2.34,37.99,77.49,57,69,13.8
458,Oktyabrskiy,RU,2020-01-04 20:08:04,55.61,37.97,34.0,79,75,8.95
459,Atar,MR,2020-01-04 20:08:04,20.52,-13.05,59.94,20,0,12.28
460,Wamba,CD,2020-01-04 20:08:04,2.14,27.99,69.91,91,88,3.31
461,Marigot,HT,2020-01-04 20:08:04,18.23,-72.32,86.0,58,20,11.41
462,Ust-Kuyga,RU,2020-01-04 20:08:05,70.0,135.55,-25.8,99,53,5.23
463,Hambantota,LK,2020-01-04 20:06:04,6.12,81.12,79.03,84,7,16.51
464,Bocana De Paiwas,NI,2020-01-04 20:08:05,12.79,-85.12,82.65,75,8,8.12
465,Abbeville,FR,2020-01-04 20:08:05,50.11,1.83,44.01,81,90,6.93
466,Ouesso,CG,2020-01-04 20:08:05,1.61,16.05,75.16,31,74,2.13
467,Kidal,ML,2020-01-04 20:08:06,18.44,1.41,55.78,27,0,11.21
468,Anadyr,RU,2020-01-04 20:08:06,64.73,177.51,-31.0,66,0,11.18
469,Kondinskoye,RU,2020-01-04 20:08:06,59.65,67.41,28.26,91,100,11.07
470,Kanigoro,ID,2020-01-04 20:08:06,-8.13,112.22,73.11,90,97,2.13
471,Gigmoto,PH,2020-01-04 20:08:07,13.78,124.39,78.94,78,59,26.93
472,Raudeberg,NO,2020-01-04 20:08:07,61.99,5.14,37.99,69,98,3.36
473,Opuwo,NA,2020-01-04 20:04:10,-18.06,13.84,66.52,76,55,9.71
474,Todos Santos,MX,2020-01-04 20:08:07,23.45,-110.23,79.0,57,5,13.87
475,Villarrica,CL,2020-01-04 20:08:07,-39.28,-72.23,78.01,43,0,16.11
476,Pacifica,US,2020-01-04 20:08:08,37.61,-122.49,61.0,87,75,9.17
477,Wharton,GB,2020-01-04 20:08:08,53.2,-2.51,45.0,87,90,5.82
478,Hirado,JP,2020-01-04 20:08:08,33.32,129.49,50.0,53,0,9.17
479,Oda,JP,2020-01-04 20:08:08,35.19,132.5,37.74,83,100,3.85
480,Kumba,CM,2020-01-04 20:08:09,4.64,9.44,78.53,75,72,0.96
481,Barcelos,BR,2020-01-04 20:08:09,-0.97,-62.93,89.89,51,82,2.1
482,Bonavista,CA,2020-01-04 20:08:09,48.65,-53.11,29.03,85,68,9.4
483,Tempio Pausania,IT,2020-01-04 20:08:09,40.9,9.1,46.99,87,48,2.24
484,Kandara,IN,2020-01-04 20:08:09,25.72,73.28,52.43,61,9,2.64
485,Dwarka,IN,2020-01-04 20:05:26,28.58,77.04,62.01,76,20,2.95
486,Puerto Carreno,CO,2020-01-04 20:08:10,6.19,-67.49,93.2,44,20,5.82
487,Taltal,CL,2020-01-04 20:08:10,-25.41,-70.49,64.49,71,0,5.93
488,Oranjemund,ZA,2020-01-04 20:08:10,-28.55,16.43,60.48,97,12,6.31
489,Esperance,AU,2020-01-04 20:08:11,-33.86,121.89,55.4,71,0,10.29
490,Morant Bay,JM,2020-01-04 20:04:43,17.88,-76.41,87.8,70,20,16.11
491,Walvis Bay,NA,2020-01-04 20:08:11,-22.95,14.51,62.01,87,20,10.29
492,Churhat,IN,2020-01-04 20:08:11,24.43,81.67,54.32,81,43,3.53
493,Muswellbrook,AU,2020-01-04 20:08:11,-32.27,150.89,75.0,46,0,4.0
494,Kawalu,ID,2020-01-04 20:08:12,-7.38,108.21,70.34,88,45,2.75
495,Faanui,PF,2020-01-04 20:08:12,-16.48,-151.75,81.45,77,100,12.1
496,Roberval,CA,2020-01-04 20:07:22,48.51,-72.22,24.01,79,90,5.82
497,Sidi Bin Nur,TN,2020-01-04 20:08:12,35.53,10.92,54.0,76,20,9.17
498,Inta,RU,2020-01-04 20:08:12,66.04,60.13,26.19,83,43,24.43
499,Vila Franca Do Campo,PT,2020-01-04 20:03:43,37.72,-25.43,62.6,88,20,10.29
500,Caserta,IT,2020-01-04 20:08:13,41.08,14.33,52.0,81,75,3.36
501,Ribeira Brava,PT,2020-01-04 20:08:13,32.65,-17.07,64.4,68,40,6.93
502,Bafq,IR,2020-01-04 20:08:13,31.6,55.4,55.24,68,100,11.21
503,Wilmington,US,2020-01-04 20:08:04,39.75,-75.55,55.0,100,90,7.65
504,Jam Sahib,PK,2020-01-04 20:08:14,26.3,68.63,57.2,76,0,7.05
505,Mulege,MX,2020-01-04 20:08:14,26.88,-111.98,67.48,43,0,13.89
506,Urengoy,RU,2020-01-04 20:08:14,65.96,78.37,15.49,93,100,18.77
507,Shirpur,IN,2020-01-04 20:08:14,21.35,74.88,63.0,57,0,9.71
508,Ouegoa,NC,2020-01-04 20:08:15,-20.34,164.44,75.06,70,0,5.95
509,Constantine,DZ,2020-01-04 20:06:35,36.36,6.61,42.8,93,75,4.7
510,Severo-Yeniseyskiy,RU,2020-01-04 20:08:15,60.37,93.04,10.8,87,100,14.76
511,Vanimo,PG,2020-01-04 20:06:39,-2.67,141.3,82.44,81,100,14.07
512,Tricase,IT,2020-01-04 20:08:16,39.93,18.36,46.0,93,40,4.7
513,Naumburg,DE,2020-01-04 20:08:16,51.15,11.81,39.0,86,22,20.8
514,Tigil,RU,2020-01-04 20:08:16,57.8,158.67,18.91,67,79,11.83
515,Dubna,RU,2020-01-04 20:08:16,56.76,37.14,32.02,86,95,9.73
516,Torva,EE,2020-01-04 20:08:17,58.0,25.93,35.01,86,66,12.75
517,Nantucket,US,2020-01-04 20:08:17,41.28,-70.1,46.4,93,90,5.82
518,Traverse City,US,2020-01-04 20:08:17,44.76,-85.62,32.0,79,90,11.41
519,Uri,IN,2020-01-04 20:08:17,34.09,74.03,23.79,82,0,6.87
520,Ipixuna,BR,2020-01-04 20:08:18,-1.76,-48.8,82.4,78,75,10.29
521,Ahipara,NZ,2020-01-04 20:08:18,-35.17,173.16,66.99,94,100,13.89
522,Zhezkazgan,KZ,2020-01-04 20:08:18,47.8,67.71,22.35,96,94,8.63
523,Minas,UY,2020-01-04 20:08:18,-34.38,-55.24,80.6,54,40,13.87
524,Smidovich,RU,2020-01-04 20:08:19,48.6,133.81,-9.29,89,0,4.36
525,Gornyye Klyuchi,RU,2020-01-04 20:08:19,45.25,133.5,-2.04,96,18,3.69
526,Dingle,PH,2020-01-04 20:08:19,11.0,122.67,71.56,94,4,10.02
527,Seoul,KR,2020-01-04 20:05:51,37.57,126.98,30.2,92,1,1.12
528,Dubbo,AU,2020-01-04 20:08:19,-32.25,148.6,80.6,28,0,2.24
529,Lake Charles,US,2020-01-04 20:08:20,30.23,-93.22,66.2,34,5,9.17
530,Amahai,ID,2020-01-04 20:08:20,-3.31,129.0,81.5,79,100,7.72
531,Maragogi,BR,2020-01-04 20:08:20,-9.01,-35.22,80.29,76,100,14.43
532,Coahuayana,MX,2020-01-04 20:08:20,18.62,-100.35,90.01,25,0,3.42
533,Susangerd,IR,2020-01-04 20:08:20,31.56,48.19,59.0,72,0,4.7
534,Bundaberg,AU,2020-01-04 20:08:21,-24.87,152.35,71.01,82,75,6.93
535,Pochutla,MX,2020-01-04 20:08:21,15.74,-96.47,88.0,79,40,6.93
536,Imeni Vorovskogo,RU,2020-01-04 20:08:21,55.72,38.34,34.0,84,75,8.95
537,Mount Darwin,ZW,2020-01-04 20:08:21,-16.77,31.58,68.05,94,81,5.14
538,Babaeski,TR,2020-01-04 20:08:22,41.43,27.09,37.58,55,51,2.37
539,Weligama,LK,2020-01-04 20:08:22,5.97,80.42,74.08,90,22,7.4
540,Tarko-Sale,RU,2020-01-04 20:08:22,64.92,77.78,17.01,89,100,22.12
541,Svetlaya,RU,2020-01-04 20:08:22,46.54,138.33,11.73,57,0,11.45
542,Tombouctou,ML,2020-01-04 20:08:22,16.77,-3.01,62.13,18,0,11.27
543,Tembisa,ZA,2020-01-04 20:08:23,-26.02,28.2,72.0,89,28,4.23
544,Faya,SA,2020-01-04 20:08:23,18.39,42.45,60.8,87,20,5.82
545,Oussouye,SN,2020-01-04 20:08:23,12.49,-16.54,80.6,50,0,2.24
546,Portree,GB,2020-01-04 20:08:23,57.41,-6.19,48.99,95,100,14.0
547,Champerico,MX,2020-01-04 20:08:23,16.38,-93.6,73.4,56,75,23.04
548,Biak,ID,2020-01-04 20:04:14,-0.91,122.88,81.61,79,100,13.47
549,Uttiramerur,IN,2020-01-04 20:08:24,12.62,79.76,82.4,83,40,5.82
550,Kavaratti,IN,2020-01-04 20:08:24,10.57,72.64,80.37,69,66,8.88
551,Harper,US,2020-01-04 20:08:24,30.3,-99.24,71.01,20,1,6.93
552,Puerto Escondido,MX,2020-01-04 20:05:14,15.86,-97.07,83.86,53,88,4.7
553,Concordia,AR,2020-01-04 20:08:25,-31.4,-58.02,82.4,51,75,6.93
554,Juneau,US,2020-01-04 20:08:25,58.3,-134.42,30.2,74,90,6.93
555,Silver City,US,2020-01-04 20:08:25,32.77,-108.28,54.0,27,1,6.93
